"NAME";"CALORIES";"PROTEIN";"FAT";"CARBS";"FIBER";"TYPE"
"Bagietki francuskie";283;8.70;1.70;59.2;2;"BREAD"
"Bułeczki do hot-dogów";341;9.50;7.50;59.8;1.8;"BREAD"
"Bułka tarta";347;9.70;1.90;77.6;6.1;"BREAD"
"Bułki grahamki";252;9.00;1.70;56.1;6.7;"BREAD"
"Bułki i rogale maślane";327;8.50;5.90;61;1.8;"BREAD"
"Bułki mieszane, z cebulą";284;7.90;3.50;58.4;4;"BREAD"
"Bułki mleczne";314;9.20;4.50;60.3;2;"BREAD"
"Bułki owsiane";304;9.30;4.50;58.4;2.6;"BREAD"
"Bułki pszenne zwykłe";273;8.10;1.50;57.7;1.8;"BREAD"
"Bułki pszenne zwykłe, z serwatką";277;8.80;1.60;58;2.1;"BREAD"
"Bułki sojowe";315;10.10;4.00;61.1;2.3;"BREAD"
"Bułki szwedki";272;7.60;1.30;58.8;2.4;"BREAD"
"Bułki wrocławskie";294;8.00;4.40;56.6;1.8;"BREAD"
"Chałki zdobne";333;7.80;7.00;60.8;1.8;"BREAD"
"Chleb baltonowski";251;7.00;1.50;54.8;3.3;"BREAD"
"Chleb beskidzki";248;7.50;1.70;55.7;5.8;"BREAD"
"Chleb chrupki";353;8.70;2.40;78.9;6;"BREAD"
"Chleb ekstrudowany pszenny";381;9.20;5.20;78.3;5;"BREAD"
"Chleb ekstrudowany żytni";383;8.20;6.10;78.6;5.8;"BREAD"
"Chleb graham";221;8.30;1.70;48.7;6.4;"BREAD"
"Chleb mazowiecki";254;7.60;1.40;55;3.2;"BREAD"
"Chleb mieszany jasny, rodzynkowy";261;5.80;1.40;58.6;3.1;"BREAD"
"Chleb mieszany pytlowy, z cebulą";259;5.70;3.60;54.2;4.1;"BREAD"
"Chleb mieszany razowy, z bakaliami";247;7.20;3.90;51.4;6.3;"BREAD"
"Chleb mieszany sitkowy, z ziarnami";242;8.00;3.00;50.5;5.4;"BREAD"
"Chleb mieszany, słonecznikowy";240;6.80;4.50;48.9;6.4;"BREAD"
"Chleb mieszany, z płatkami owsianymi";238;7.00;2.30;54.2;7.7;"BREAD"
"Chleb mieszany, z soją";226;7.10;2.70;49.2;6.6;"BREAD"
"Chleb mleczny";256;7.70;1.50;55.3;3.2;"BREAD"
"Chleb nałęczowski";248;6.60;1.30;55.3;3.7;"BREAD"
"Chleb poleski";247;7.10;2.10;54.5;5.5;"BREAD"
"Chleb praski";248;6.60;1.30;55.3;3.7;"BREAD"
"Chleb pszenny";257;8.50;1.40;54.3;2.7;"BREAD"
"Chleb pszenny tostowy";262;7.40;4.50;48;3.6;"BREAD"
"Chleb pszenny, z ziarnem pszenicy";223;8.30;1.80;49.5;6.8;"BREAD"
"Chleb wiejski";245;6.90;1.30;54;3.5;"BREAD"
"Chleb wielkopolski";254;6.70;1.50;56.6;4.1;"BREAD"
"Chleb zakopiański";261;7.70;1.50;56.9;3.7;"BREAD"
"Chleb zwykły";248;6.10;1.30;56.3;4.2;"BREAD"
"Chleb żytni jasny";243;3.80;1.30;57.4;4.1;"BREAD"
"chleb żytni jasny mleczny";258;4.60;1.80;59.1;4.1;"BREAD"
"Chleb żytni mieszany z otrębami";207;6.30;1.50;42.1;7.4;"BREAD"
"Chleb żytni pełnoziarnisty";225;6.80;1.80;53.8;9.1;"BREAD"
"Chleb żytni pytlowy";240;4.40;1.50;56.2;4.9;"BREAD"
"Chleb żytni razowy";213;5.90;1.70;51.2;8.4;"BREAD"
"Chleb żytni razowy litewski";224;6.60;1.70;52.6;7.8;"BREAD"
"Chleb żytni razowy na miodzie";225;5.60;1.60;54;7.8;"BREAD"
"Chleb żytni razowy wytrawny";217;7.00;1.70;50.8;8;"BREAD"
"Chleb żytni razowy z soją i słonecznikiem";226;7.80;3.50;48.7;8.4;"BREAD"
"Chleb żytni razowy, ze śliwką";228;5.30;1.60;54.3;7;"BREAD"
"Chleb żytni sitkowy";220;5.40;1.50;53;7.4;"BREAD"
"Chleb żytni staropolski";225;4.50;1.40;52.1;4.2;"BREAD"
"Chleb żytni śrutowy i pełnoziarnisty";195;7.30;1.20;38.8;8.1;"BREAD"
"Chleb żytni wileński";218;4.40;1.50;52.2;6.3;"BREAD"
"Chrupki kukurydziane";352;8.90;3.00;78.9;7.6;"BREAD"
"Ciabatta";298;8.70;3.60;58.7;2;"BREAD"
"Kajzerki";296;8.40;3.60;58.6;1.9;"BREAD"
"Kasza gryczana";336;12.60;3.10;69.3;5.9;"RICE"
"Kasza jaglana";346;10.50;2.90;71.6;3.2;"RICE"
"Kasza jęczmienna, perłowa";327;6.90;2.20;75;6.2;"RICE"
"Kasza jęczmienna, pęczak";334;8.40;2.00;74.9;5.4;"RICE"
"Kasza manna";348;8.70;1.30;76.7;2.5;"RICE"
"Kasza owsiana";326;9.90;7.10;55.7;9.7;"RICE"
"Kuskus";356;14.20;1.20;68.7;4.2;"RICE"
"Mąka żytnia, typ 2000";301;8.10;2.20;74;12.8;"CEREALS"
"Makaron bezjajeczny";364;11.00;1.60;77.6;2.4;"PASTA"
"Makaron bezjajeczny z semoliny";367;10.70;1.40;79.4;2.8;"PASTA"
"Makaron czterojajeczny";391;13.20;3.40;78.3;2.6;"PASTA"
"Makaron dwujajeczny";373;12.00;2.60;76.8;2.6;"PASTA"
"Makaron dwujajeczny z semoliny";374;11.90;2.40;77.8;2.9;"PASTA"
"Makaron pełnoziarnisty";343;15.00;3.00;64;8;"PASTA"
"Mąka gryczana pełna";354;11.70;2.70;70.7;3.7;"CEREALS"
"Mąka jęczmienna";338;9.20;3.00;64.7;7.6;"CEREALS"
"Mąka jęczmienna pełnoziarnista";348;10.60;1.90;72;0;"CEREALS"
"Mąka kukurydziana";337;5.90;3.00;78;7.5;"CEREALS"
"Mąka orkiszowa";348;13.40;1.80;72.7;8.2;"CEREALS"
"Mąka owsiana";363;12.90;5.90;68.1;7.2;"CEREALS"
"Mąka pszenna, typ 1850";309;11.90;2.30;70;10.8;"CEREALS"
"Mąka pszenna, typ 500";343;10.10;1.20;74;2.3;"CEREALS"
"Mąka pszenna, typ 550";344;10.50;1.60;73;2.2;"CEREALS"
"Mąka pszenna, typ 750";341;11.60;1.80;71.3;2.9;"CEREALS"
"Mąka ryżowa";348;7.20;0.70;79.2;2.3;"CEREALS"
"Mąka z pszenicy durum";354;12.30;1.20;73.7;2.7;"CEREALS"
"Mąka żytnia, typ 1400";310;7.10;2.20;75.3;11;"CEREALS"
"Mąka żytnia, typ 580";330;5.10;1.50;78.5;5.6;"CEREALS"
"Mąka żytnia, typ 720";327;5.90;1.70;77.4;6.4;"CEREALS"
"Musli czekoladowe";399;10.00;11.50;63.8;7;"CEREALS"
"Musli owocowe bez cukru";363;10.70;8.80;60.2;7.7;"CEREALS"
"Musli z owocami suszonymi";325;8.40;3.40;72.2;8;"CEREALS"
"Musli z rodzynkami i orzechami";375;11.50;12.70;62.9;9.7;"CEREALS"
"Orkisz";362;15.40;4.10;70.7;9.5;"CEREALS"
"Otręby pszenne";185;16.00;4.60;61.9;42.4;"CEREALS"
"Otręby żytnie";176;18.00;4.30;16.3;47.5;"CEREALS"
"Pieczywo tostowe";305;8.10;4.70;58.8;2.1;"BREAD"
"Pieczywo tostowe, grahamowe";273;7.50;4.20;53.8;3.3;"BREAD"
"Płatki jęczmienne";355;9.80;3.60;79.4;9.6;"CEREALS"
"Płatki kukurydziane";363;6.90;2.50;83.6;6.6;"CEREALS"
"Płatki kukurydziane z miodem i orzechami";387;6.40;5.10;82.6;4.8;"CEREALS"
"Płatki otrębowe, słodzone cukrem";243;12.00;3.00;42;33;"CEREALS"
"Płatki owsiane";366;11.90;7.20;69.3;6.9;"CEREALS"
"Płatki pszenne";351;9.00;3.00;81;10.1;"CEREALS"
"Płatki żytnie";343;6.40;3.20;82.6;11.6;"CEREALS"
"Proso";372;13.60;4.40;71.2;3.5;"CEREALS"
"Pumpernikiel";240;5.90;2.00;58.2;9.4;"BREAD"
"Quinoa";335;13.80;5.00;58.5;6.6;"CEREALS"
"Ryż biały";344;6.70;0.70;78.9;2.4;"RICE"
"Ryż brązowy";322;7.10;1.90;76.8;8.7;"RICE"
"Ryż dziki";338;7.00;2.00;73;3;"RICE"
"Ryż preparowany";361;6.30;1.60;84.1;5;"RICE"
"Skrobia kukurydziana";353;0.20;0.00;88.5;1.7;"CEREALS"
"Skrobia pszeniczna";345;0.50;0.20;85.4;0.2;"CEREALS"
"Skrobia ryżowa";350;0.90;0.40;84.4;0;"CEREALS"
"Szarłat (Amarantus)";370;15.80;8.80;56.8;0;"RICE"
"Deser mleczny, ryżowo-jabłkowy";134;2.80;3.00;23.9;0.3;"DAIRY"
"Deser mleczny, ryżowo-waniliowy";133;3.00;2.90;23.5;0.2;"DAIRY"
"Jogurt bananowy, 1,5% tłuszczu";70;3.70;1.50;10.4;0.2;"DAIRY"
"Jogurt jagodowy, 1,5% tłuszczu";62;3.70;1.50;8.8;0.4;"DAIRY"
"Jogurt morelowy, 1,5% tłuszczu";63;3.70;1.50;8.9;0.3;"DAIRY"
"Jogurt naturalny, 2% tłuszczu";60;4.30;2.00;6.2;0;"DAIRY"
"Jogurt truskawkowy, 1,5% tłuszczu";60;3.60;1.50;8.2;0.3;"DAIRY"
"Jogurt wiśniowy, 1,5% tłuszczu";61;3.70;1.50;8.2;0.1;"DAIRY"
"Kefir, 2% tłuszczu";51;3.40;2.00;4.7;0;"DAIRY"
"Maślanka spożywcza, 0,5% tłuszczu";37;3.40;0.50;4.7;0;"DAIRY"
"Mleko klaczy";47;2.20;1.50;6.2;0;"DAIRY"
"Mleko kobiece";72;1.30;4.30;7;0;"DAIRY"
"Mleko kozie";68;3.20;4.10;4.5;0;"DAIRY"
"Mleko odtłuszczone, w proszku";360;35.70;0.80;51.2;0;"DAIRY"
"Mleko owcze";107;6.00;7.00;5.1;0;"DAIRY"
"Mleko pełne, w proszku";479;27.00;24.00;38.7;0;"DAIRY"
"Mleko sojowe";53;3.50;1.80;5.8;0;"DAIRY"
"Mleko spożywcze, 0,5% tłuszczu";39;3.50;0.50;5.1;0;"DAIRY"
"Mleko spożywcze, 1,5% tłuszczu";47;3.40;1.50;5;0;"DAIRY"
"Mleko spożywcze, 2% tłuszczu";51;3.40;2.00;4.9;0;"DAIRY"
"Mleko spożywcze, 3,2% tłuszczu";61;3.30;3.20;4.8;0;"DAIRY"
"Mleko spożywcze, 3,5% tłuszczu";64;3.30;3.50;4.8;0;"DAIRY"
"Mleko zagęszczone, niesłodzone";131;6.60;7.50;9.4;0;"DAIRY"
"Mleko zagęszczone, słodzone";326;7.50;8.00;55.3;0;"DAIRY"
"Napój mleczny jogurtowy";82;4.00;1.90;12.1;0;"DAIRY"
"Napój mleczny kawowy";81;3.30;2.10;12.1;0.1;"DAIRY"
"Ser Appenzeller, 50% tłuszczu";386;25.40;31.60;0;0;"DAIRY"
"Ser Back-Camembert, 45% tłuszczu";229;19.00;17.00;0;0;"DAIRY"
"Ser Bavaria Blue, 70% tłuszczu";413;13.20;40.00;0;0;"DAIRY"
"Ser Bel Paese";373;25.40;30.20;0;0;"DAIRY"
"Ser Bleu d’Auvergne, 50% tłuszczu";358;22.90;29.60;0;0;"DAIRY"
"Ser Bleu de Bresse, 50% tłuszczu";358;22.90;29.60;0;0;"DAIRY"
"Ser Cambozola, 70% tłuszczu";413;13.20;40.00;0;0;"DAIRY"
"Ser Edamski wędzony";334;26.40;24.90;1;0;"DAIRY"
"Ser Favorel, Danbo, 45% tłuszczu";325;24.10;25.40;0;0;"DAIRY"
"Ser Gorgonzola";360;19.40;31.20;0;0;"DAIRY"
"Ser Gruy?re, 45% tłuszczu";399;26.90;32.10;0;0;"DAIRY"
"Ser Herceński, moguncki";126;30.00;0.70;0;0;"DAIRY"
"Ser Jarlsberg, 45% tłuszczu";349;26.70;26.90;0;0;"DAIRY"
"Ser kozi miękki, 45% tłuszczu";280;21.00;21.80;0;0;"DAIRY"
"Ser kozi w plasterkach, 48% tłuszczu";329;21.60;27.00;0;0;"DAIRY"
"Ser Leerdamski, 45% tłuszczu";352;25.90;27.60;0;0;"DAIRY"
"Ser Limburski, 20% tłuszczu";184;26.40;8.60;0;0;"DAIRY"
"Ser Limburski, 40% tłuszczu";268;22.40;19.70;0;0;"DAIRY"
"Ser Lindenberski lekki, 30% tłuszczu";286;31.00;18.00;0;0;"DAIRY"
"Ser Lindenberski, 45% tłuszczu";386;28.90;30.00;0;0;"DAIRY"
"Ser Maaslandzki, 50% tłuszczu";355;22.20;29.60;0;0;"DAIRY"
"Ser Mascarpone";460;4.60;47.50;3.6;0;"DAIRY"
"Ser miękki z zielonym pieprzem, 60% tłuszczu";366;16.80;33.20;0;0;"DAIRY"
"Ser Moorbier, 40% tłuszczu";297;23.80;22.40;0;0;"DAIRY"
"Ser owczy, Bryndza";314;20.50;25.40;1.7;0;"DAIRY"
"Ser Pirenejski, 50% tłuszczu";356;22.30;29.60;0;0;"DAIRY"
"Ser Pleśniowy, 60% tłuszczu";355;21.10;29.80;0;0;"DAIRY"
"Ser Provolone";365;26.30;28.90;0;0;"DAIRY"
"Ser Raclette, 48% tłuszczu";343;22.70;28.00;0;0;"DAIRY"
"Ser Robiola, 75% tłuszczu";333;7.00;33.00;1.9;0;"DAIRY"
"Ser Romadur, 20% tłuszczu";187;26.40;9.00;0;0;"DAIRY"
"Ser Romadur, 30% tłuszczu";226;24.80;14.10;0;0;"DAIRY"
"Ser T?te de Moine, 50% tłuszczu";386;24.50;32.00;0;0;"DAIRY"
"Ser twarogowy chudy";99;19.80;0.50;3.5;0;"DAIRY"
"Ser twarogowy półtłusty";133;18.70;4.70;3.7;0;"DAIRY"
"Ser twarogowy tłusty";175;17.70;10.10;3.5;0;"DAIRY"
"Ser typu „Feta”";215;17.00;16.00;1;0;"DAIRY"
"Ser typu Roqefort (Niva)";345;20.00;28.90;1.3;0;"DAIRY"
"Ser Westberski, 45% tłuszczu";352;25.90;27.60;0;0;"DAIRY"
"Ser, Brie pełnotłusty";329;19.80;28.00;0.2;0;"DAIRY"
"Ser, Camembert pełnotłusty";291;21.40;23.00;0.2;0;"DAIRY"
"Ser, Cheddar pełnotłusty";391;27.10;31.70;0.1;0;"DAIRY"
"Ser, Edamski tłusty";313;26.10;23.40;0.1;0;"DAIRY"
"Ser, Ementaler pełnotłusty";380;28.80;29.70;0.1;0;"DAIRY"
"Ser, Gouda tłusty";316;27.90;22.90;0.1;0;"DAIRY"
"Ser, Myśliwski pełnotłusty";346;25.50;27.40;0.1;0;"DAIRY"
"Ser, Myśliwski tłusty";338;29.00;24.90;0.1;0;"DAIRY"
"Ser, Parmezan";452;41.50;32.00;0.1;0;"DAIRY"
"Ser, Rokpol pełnotłusty";363;22.60;30.60;0.1;0;"DAIRY"
"Ser, Salami pełnotłusty";351;25.20;28.10;0.1;0;"DAIRY"
"Ser, Trapistów pełnotłusty";367;23.50;30.70;0.1;0;"DAIRY"
"Ser, Trapistów tłusty";351;28.00;26.80;0.1;0;"DAIRY"
"Ser, Tylżycki pełnotłusty";353;26.10;27.90;0.1;0;"DAIRY"
"Ser, Tylżycki tłusty";334;27.80;25.00;0.1;0;"DAIRY"
"Serek homogenizowany, pełnotłusty";161;12.70;11.00;3;0;"DAIRY"
"Serek homogenizowany, truskawkowy";168;15.30;3.90;17.7;0.1;"DAIRY"
"Serek homogenizowany, waniliowy";159;16.80;4.20;13.3;0;"DAIRY"
"Serek topiony, edamski";298;13.50;27.00;1.2;0;"DAIRY"
"Serek twarogowy, ziarnisty";101;12.30;4.30;3.3;0;"DAIRY"
"Serek typu ”Fromage” naturalny";379;10.20;37.10;2.4;0;"DAIRY"
"Serek typu „Fromage” z czosnkiem";367;10.00;35.20;4;0.2;"DAIRY"
"Śmietana, 12% tłuszczu";133;2.70;12.00;3.9;0;"DAIRY"
"Śmietana, 18% tłuszczu";184;2.50;18.00;3.6;0;"DAIRY"
"Śmietanka do kawy, 9% tłuszczu";107;2.80;9.00;4;0;"DAIRY"
"Śmietanka kremowa, 30% tłuszczu";287;2.20;30.00;3.1;0;"DAIRY"
"Baton szynkowy z indyka";143;14.90;9.30;0.1;0;"MEAT"
"Baton z kurczaka";144;16.70;8.60;0.1;0;"MEAT"
"Kabanosy";326;27.40;24.30;0;0;"MEAT"
"Kabanosy z kurczaka";247;22.80;17.40;0.1;0;"MEAT"
"Kaszanka z kurczaka";204;9.80;11.70;16.4;1.7;"MEAT"
"Kiełbasa delikatesowa z kurczaka";109;19.60;3.30;0.1;0;"MEAT"
"Kiełbasa domowa";320;14.70;29.20;0.5;0.1;"MEAT"
"Kiełbasa jałowcowa z kurczaka";236;19.00;17.90;0.1;0;"MEAT"
"Kiełbasa kanapkowa z kurczaka";179;11.80;13.50;3;0.1;"MEAT"
"Kiełbasa krakowska, sucha";323;25.60;24.80;0;0;"MEAT"
"Kiełbasa lubuska";249;17.50;18.00;4.8;0.1;"MEAT"
"Kiełbasa mazurska z indyka";129;14.80;7.70;0.1;0;"MEAT"
"Kiełbasa mortadela";205;12.00;17.70;0;0;"MEAT"
"Kiełbasa mortadela z indyka";209;11.00;18.50;0.1;0;"MEAT"
"Kiełbasa myśliwska, sucha";291;27.80;20.10;0;0;"MEAT"
"Kiełbasa parówkowa";323;11.00;31.50;0;0;"MEAT"
"Kiełbasa podlaska z kurczaka";232;20.70;16.70;0.1;0;"MEAT"
"Kiełbasa podsuszana z kurczaka";162;21.70;8.40;0;0;"MEAT"
"Kiełbasa podwawelska";247;17.30;19.60;0.9;0.1;"MEAT"
"Kiełbasa rzeszowska";203;20.90;13.40;0;0;"MEAT"
"Kiełbasa szynkowa z indyka";88;17.20;2.00;0.2;0;"MEAT"
"Kiełbasa szynkowa z kurczaka";110;16.20;5.00;0;0;"MEAT"
"Kiełbasa śląska";210;18.40;15.30;0;0;"MEAT"
"Kiełbasa toruńska";263;20.90;20.10;0;0;"MEAT"
"Kiełbasa zwyczajna";209;17.60;15.60;0;0;"MEAT"
"Kiełbasa żywiecka";315;20.30;26.30;0;0;"MEAT"
"Kiełbaski bawarskie";308;15.50;27.70;0.1;0;"MEAT"
"Kiszka kaszana jęczmienna";195;7.30;12.60;13;1;"MEAT"
"Kiszka krwista";404;14.20;35.00;9.2;0.2;"MEAT"
"Kiszka pasztetowa";384;12.50;35.70;4.3;0.1;"MEAT"
"Kurczak faszerowany, pieczony";141;16.70;7.60;1.7;0.3;"MEAT"
"Parówki popularne";342;9.50;34.30;0;0;"MEAT"
"Parówki z kurczaka";259;10.80;22.40;4.2;0.1;"MEAT"
"Pasta kanapkowa z kurczaka";156;10.40;11.30;3.5;0;"MEAT"
"Pasztet pieczony – sklepowy";390;17.00;31.20;13.5;2.3;"MEAT"
"Pasztet podlaski z kurczaka";228;6.70;21.10;3.6;0.2;"MEAT"
"Pasztet z kurczaka pieczony";214;14.40;14.30;7.5;0.4;"MEAT"
"Pieczeń z kurczaka z pieczarkami";180;13.80;10.20;9.1;0.7;"MEAT"
"Polędwica luksusowa";177;19.50;10.00;2.4;0;"MEAT"
"Polędwica sopocka";165;19.90;9.10;0.9;0;"MEAT"
"Polędwica w galarecie";101;14.50;4.40;1.4;0.5;"MEAT"
"Polędwica z indyka";105;15.80;4.60;0.1;0;"MEAT"
"Polędwica z piersi kurczaka";93;20.40;1.20;0;0;"MEAT"
"Salami luksusowe";540;21.90;50.60;0.9;0;"MEAT"
"Salami popularne";568;21.60;53.70;1.4;0.1;"MEAT"
"Salceson czarny";336;12.60;32.00;0.5;0.1;"MEAT"
"Salceson włoski";318;14.60;29.30;0;0;"MEAT"
"Szynka delikatesowa z kurczaka";123;18.20;5.60;0;0;"MEAT"
"Szynka kanapkowa";102;14.20;4.40;0.9;0;"MEAT"
"Szynka wiejska";253;17.10;20.30;0.9;0;"MEAT"
"Szynka wieprzowa, gotowana";233;16.40;18.30;1;0;"MEAT"
"Szynka wołowa, gotowana";107;20.90;2.00;1.1;0;"MEAT"
"Szynka z piersi kurczaka";98;21.20;1.20;0.2;0;"MEAT"
"Szynka z udźca z kurczaka";117;17.20;5.30;0;0;"MEAT"
"Szynkówka wieprzowa";191;13.60;14.70;1.4;0;"MEAT"
"Szynkówka wołowa";85;16.20;1.50;1.4;0;"MEAT"
"Wątrobianka";231;10.70;20.90;0.7;0.1;"MEAT"
"Wędzonka wołowa, gotowana";102;17.80;3.10;0.5;0;"MEAT"
"Baranina, biodrówka";194;13.50;14.80;1.7;0;"MEAT"
"Baranina, łopatka";284;15.60;25.00;0;0;"MEAT"
"Baranina, mostek";381;12.00;37.00;0;0;"MEAT"
"Baranina, polędwica";112;20.40;3.40;0;0;"MEAT"
"Baranina, sznycel";131;19.10;6.10;0;0;"MEAT"
"Baranina, udziec";232;18.00;18.00;0;0;"MEAT"
"Cielęcina, goleń";98;20.90;1.60;0;0;"MEAT"
"Cielęcina, łopatka";106;19.90;2.80;0;0;"MEAT"
"Cielęcina, mostek";131;18.60;6.30;0;0;"MEAT"
"Cielęcina, polędwica";95;20.60;1.40;0;0;"MEAT"
"Cielęcina, sznyclówka";105;20.50;2.40;0;0;"MEAT"
"Cielęcina, udziec";108;19.90;3.10;0;0;"MEAT"
"Flaki";84;16.00;2.20;0;0;"MEAT"
"Grasica cielęca";99;17.20;3.40;0;0;"MEAT"
"Jagnięcina, udziec";125;20.00;3.10;4;0;"MEAT"
"Wieprzowina, boczek bez kości";510;10.10;53.00;0;0;"MEAT"
"Wieprzowina, golonka ze skórą";294;18.60;24.70;0;0;"MEAT"
"Wieprzowina, karkówka";267;16.10;22.80;0;0;"MEAT"
"Wieprzowina, łopatka";257;16.00;21.70;0;0;"MEAT"
"Wieprzowina, podgardle";630;7.40;67.80;0;0;"MEAT"
"Wieprzowina, schab środkowy z kością";174;21.00;10.00;0;0;"MEAT"
"Wieprzowina, szynka surowa";261;18.00;21.30;0;0;"MEAT"
"Wieprzowina, żeberka";321;15.20;29.30;0;0;"MEAT"
"Wołowina, łata";216;19.10;15.50;0;0;"MEAT"
"Wołowina, ogon";225;21.40;15.70;0;0;"MEAT"
"Wołowina, pieczeń";117;20.90;3.60;0;0;"MEAT"
"Wołowina, polędwica";113;20.10;3.50;0;0;"MEAT"
"Wołowina, rostbef";152;21.50;7.30;0;0;"MEAT"
"Wołowina, rozbratel";157;16.70;10.10;0;0;"MEAT"
"Wołowina, szponder";217;19.30;15.70;0;0;"MEAT"
"Gęś, tuszka";339;14.10;31.80;0;0;"MEAT"
"Indyk, mięso z piersi, bez skóry";84;19.20;0.70;0;0;"MEAT"
"Indyk, mięso z piersi, ze skórą";100;18.70;2.70;0;0;"MEAT"
"Indyk, podudzie bez skóry";100;16.60;3.70;0;0;"MEAT"
"Indyk, podudzie ze skórą";142;15.70;8.90;0;0;"MEAT"
"Indyk, skóra";413;9.40;42.40;0;0;"MEAT"
"Indyk, skrzydła bez skóry";115;18.00;4.70;0;0;"MEAT"
"Indyk, skrzydła ze skórą";168;16.50;11.40;0;0;"MEAT"
"Indyk, skrzydło";168;16.50;11.40;0;0;"MEAT"
"Indyk, tuszka";129;17.00;6.80;0;0;"MEAT"
"Indyk, udziec bez skóry";104;19.40;2.80;0;0;"MEAT"
"Indyk, udziec ze skórą";131;18.40;6.40;0;0;"MEAT"
"Kaczka, bez skóry i kości";99;20.10;2.00;0;0;"MEAT"
"Kaczka, tuszka";308;13.50;28.60;0;0;"MEAT"
"Królik, tuszka";156;21.00;8.00;0;0;"MEAT"
"Kura, tuszka";202;18.50;14.30;0;0;"MEAT"
"Kurczak, mięso z piersi bez skóry";99;21.50;1.30;0;0;"MEAT"
"Kurczak, pałka z kurczaka";158;16.80;10.20;0;0;"MEAT"
"Kurczak, skóra";379;10.70;37.90;0;0;"MEAT"
"Kurczak, skrzydełka";186;19.20;12.20;0;0;"MEAT"
"Kurczak, tuszka";158;18.60;9.30;0;0;"MEAT"
"Kurczak, udka bez skóry";125;17.80;6.00;0;0;"MEAT"
"Kurczak, udka ze skórą";158;16.80;10.20;0;0;"MEAT"
"Wątróbka z kurczaka";114;18.20;4.20;0.6;0;"DAIRY"
"Białko jaja kurzego";49;10.90;0.20;0.7;0;"DAIRY"
"Jaja kurze całe";139;12.50;9.70;0.6;0;"DAIRY"
"Proszek jajeczny";576;48.40;41.70;2.7;0;"DAIRY"
"Żółtko jaja kurzego";314;15.50;28.20;0.3;0;"DAIRY"
"Margaryna miękka, 45% tłuszczu";398;0.00;45.00;0;0;"FATS"
"Margaryna miękka, 50% tłuszczu";442;0.00;50.00;0;0;"FATS"
"Margaryna miękka, 60% tłuszczu";533;0.20;60.00;0.3;0;"FATS"
"Margaryna miękka, 70% tłuszczu";621;0.10;70.00;0.4;0;"FATS"
"Margaryna miękka, 80% tłuszczu";710;0.30;80.00;0.4;0;"FATS"
"Margaryna twarda (kostkowa), 80% tłuszczu";710;0.30;80.00;0.4;0;"FATS"
"Masło ekstra";735;0.70;82.50;0.7;0;"FATS"
"Masło orzechowe";615;27.70;50.70;9.3;8.4;"NUTS"
"Masło śmietankowe";659;1.10;73.50;1.1;0;"FATS"
"Olej arachidonowy";900;0.00;100.00;0;0;"FATS"
"Olej kokosowy";883;0.00;99.90;0;0;"FATS"
"Olej krokoszowy";884;0.00;100.00;0;0;"FATS"
"Olej kukurydziany";884;0.00;100.00;0;0;"FATS"
"Olej lniany";900;0.00;100.00;0;0;"FATS"
"Olej palmowy";884;0.00;100.00;0;0;"FATS"
"Olej rzepakowo-sojowy";884;0.00;100.00;0;0;"FATS"
"Olej rzepakowy o obniżonej zawartości kwasu erukowego";884;0.00;100.00;0;0;"FATS"
"Olej rzepakowy tłoczony na zimno";884;0.00;100.00;0;0;"FATS"
"Olej rzepakowy uniwersalny";884;0.00;100.00;0;0;"FATS"
"Olej sezamowy";884;0.00;100.00;0;0;"FATS"
"Olej słonecznikowy";884;0.00;100.00;0;0;"FATS"
"Olej sojowy";884;0.00;100.00;0;0;"FATS"
"Olej z nasion bawełny";900;0.00;100.00;0;0;"FATS"
"Olej z orzeszków ziemnych";884;0.00;99.90;0;0;"FATS"
"Olej z pestek dyni";900;0.00;100.00;0;0;"FATS"
"Olej z pestek winogron";884;0.00;100.00;0;0;"FATS"
"Olej z zarodków pszennych";884;0.00;100.00;0;0;"FATS"
"Oliwa z oliwek";882;0.00;99.60;0.2;0;"FATS"
"Skwarki";769;16.90;79.20;0;0;"FATS"
"Słonina";797;2.40;89.00;0;0;"FATS"
"Smalec";880;0.00;99.50;0;0;"FATS"
"Smalec gęsi";896;99.50;0;0;0;"FATS"
"Tłuszcz mieszany roślinno-zwierzęcy, 60% tłuszczu";573;0.90;64.00;0.9;0;"FATS"
"Tran";899;0.00;99.90;0;0;"MUSHROOMS"
"Boczniaki";11;2.30;0.20;0;5.9;"MUSHROOMS"
"Borowiki jadalne, surowe";41;5.10;0.60;5.2;3;"MUSHROOMS"
"Borowiki jadalne, suszone";321;37.70;3.10;39.2;7.5;"MUSHROOMS"
"Koźlarze";18;3.10;0.60;0;6.5;"MUSHROOMS"
"Koźlarze czerwone";18;2.20;0.80;0.3;4.7;"MUSHROOMS"
"Kurki";15;2.40;0.50;0.2;4.7;"MUSHROOMS"
"Maślaki";12;1.70;0.40;0.3;5.9;"MUSHROOMS"
"Opieńka";19;3.20;0.70;0.1;6.8;"MUSHROOMS"
"Pieczarka uprawna, świeża";17;2.70;0.40;2.6;2;"MUSHROOMS"
"Pieczarki marynowane, konserwowe";19;2.30;0.40;4.3;2.7;"MUSHROOMS"
"Rydze";18;2.80;0.70;0.1;5.5;"MUSHROOMS"
"Smardze jadalne";15;2.50;0.30;0.5;7;"MUSHROOMS"
"Trufle";70;8.30;0.50;7.4;16.5;"MUSHROOMS"
"Dynia pestki";556;24.50;45.80;18;5.3;"NUTS"
"Kasztany jadalne";196;3.40;1.90;41.2;8.4;"NUTS"
"Len, nasiona";500;24.50;31.00;35;3.9;"NUTS"
"Mak niebieski";478;20.10;42.90;24.7;20.5;"NUTS"
"Migdały";572;20.00;52.00;20.5;12.9;"NUTS"
"Orzech kokosowy";335;3.40;33.50;15.2;9;"NUTS"
"Orzechy arachidowe";560;25.70;46.10;19.2;7.3;"NUTS"
"Orzechy laskowe";640;14.40;63.00;14.9;8.9;"NUTS"
"Orzechy macadamia";703;7.50;73.00;4;11.4;"NUTS"
"Orzechy nerkowca";595;17.70;45.60;29.4;2.1;"NUTS"
"Orzechy para";670;13.60;66.80;3.6;6.7;"NUTS"
"Orzechy pekan";703;9.30;72.00;4.4;9.5;"NUTS"
"Orzechy pistacjowe";589;20.50;48.50;25;6.1;"NUTS"
"Orzechy włoskie";645;16.00;60.30;18;6.5;"NUTS"
"Orzeszki cashew";571;17.20;42.20;30.5;2.9;"NUTS"
"Orzeszki pinii";674;13.00;60.00;20.5;1;"NUTS"
"Płatki arachidowe";520;13.00;28.00;54;0;"NUTS"
"Sezam, nasiona";632;23.20;59.90;10;7.9;"NUTS"
"Słonecznik, nasiona";561;24.40;43.70;24.6;6;"NUTS"
"Wiórki kokosowe";606;5.60;63.20;27;21.1;"NUTS"
"Acerola, surowa";16;0.20;0.20;2.6;2;"FRUIT"
"Agrest";41;0.80;0.20;11.8;3;"FRUIT"
"Ananas";54;0.40;0.20;13.6;1.2;"FRUIT"
"Ananas, plastry w syropie";84;0.40;0.10;21;1;"FRUIT"
"Arbuz";36;0.60;0.10;8.4;0.3;"FRUIT"
"Awokado";160;2.00;15.30;7.4;3.3;"FRUIT"
"Banan";95;1.00;0.30;23.5;1.7;"FRUIT"
"Banany, suszone";360;3.80;1.10;88.8;6.4;"FRUIT"
"Bez czarny, owoce";54;2.60;1.70;6.5;6.5;"FRUIT"
"Brzoskwinia";46;1.00;0.20;11.9;1.9;"FRUIT"
"Brzoskwinie w syropie";73;0.40;0.10;18.2;0.9;"FRUIT"
"Cherymoja (anone)";63;1.50;0.30;13.6;1;"FRUIT"
"Cytryna";36;0.80;0.30;9.5;2;"FRUIT"
"Czarne jagody";45;0.80;0.60;12.2;3.2;"FRUIT"
"Czarne jagody, mrożone";45;0.80;0.60;12.2;3.2;"FRUIT"
"Czereśnie";61;1.00;0.30;14.6;1.3;"FRUIT"
"Daktyle, suszone";277;2.00;0.40;74;8.7;"FRUIT"
"Dzika róża, owoce";89;2.00;0.70;18.7;4;"FRUIT"
"Dżem ananasowy, niskosłodzony";157;0.20;0.10;38.6;0.5;"FRUIT"
"Dżem brzoskwiniowy, niskosłodzony";155;0.50;0.10;38.3;0.9;"FRUIT"
"Dżem jagodowy, niskosłodzony";153;0.30;0.20;38.2;1.3;"FRUIT"
"Dżem morelowy, niskosłodzony";157;0.40;0.10;38.8;0.7;"FRUIT"
"Dżem pomarańczowy, niskosłodzony";159;0.30;0.10;39.2;0.6;"FRUIT"
"Dżem śliwkowy, niskosłodzony";153;0.30;0.10;37.9;0.8;"FRUIT"
"Dżem śliwkowy, wysokosłodzony";251;0.30;0.10;62.1;0.8;"FRUIT"
"Dżem truskawkowy, niskosłodzony";153;0.30;0.20;37.8;0.8;"FRUIT"
"Dżem truskawkowy, wysokosłodzony";252;0.30;0.20;62.3;0.9;"FRUIT"
"Dżem wiśniowy, niskosłodzony";154;0.40;0.20;37.5;0.4;"FRUIT"
"Dżem wiśniowy, wysokosłodzony";252;0.40;0.20;61.7;0.5;"FRUIT"
"Dżem z czarnych porzeczek, niskosłodzony";152;0.50;0.10;39.6;2.8;"FRUIT"
"Dżem z czarnych porzeczek, wysokosłodzony";251;0.50;0.10;63.9;2.8;"FRUIT"
"Dżem z owoców kiwi, niskosłodzony";154;0.40;0.20;37.8;0.8;"FRUIT"
"Figi, suszone";290;3.60;1.20;78;12.9;"FRUIT"
"Figi, świeże";77;0.80;0.30;19.1;2.9;"FRUIT"
"Granaty";74;0.70;0.60;16.7;2.2;"FRUIT"
"Grejpfrut";36;0.60;0.20;9.8;1.9;"FRUIT"
"Gruszka";54;0.60;0.20;14.4;2.1;"FRUIT"
"Gujawa";38;0.80;0.60;11.9;4.7;"FRUIT"
"Jabłka, suszone";238;2.10;2.10;62.3;10.3;"FRUIT"
"Jabłko";46;0.40;0.40;12.1;2;"FRUIT"
"Jarzębina słodka, owoce";85;1.50;18;2.4;0;"FRUIT"
"Jeżyny, surowe";54;1.40;1.00;12.4;5.6;"FRUIT"
"Kaki (persymona)";70;0.60;0.30;16;2.5;"FRUIT"
"Kiwi";56;0.90;0.50;13.9;2.1;"FRUIT"
"Kumkwat, surowy";64;0.60;0.30;14.6;0;"FRUIT"
"Liczi (śliwa chińska)";75;0.90;0.30;17;1.6;"FRUIT"
"Limonka, surowa";39;0.50;2.40;1.9;0;"FRUIT"
"Malinojeżyny, surowe";64;1.10;15;1.1;0;"FRUIT"
"Maliny";29;1.30;0.30;12;6.7;"FRUIT"
"Maliny, mrożone";29;1.30;0.30;12;6.7;"FRUIT"
"Mandarynki";42;0.60;0.20;11.2;1.9;"FRUIT"
"Mango";67;0.50;0.30;17;1.7;"FRUIT"
"Marakuja (passiflora), surowa";63;2.40;0.40;9.5;1.5;"FRUIT"
"Melon";36;0.90;0.30;8.4;1;"FRUIT"
"Mirabelki";67;0.70;0.20;15;0.9;"FRUIT"
"Morele";47;0.90;0.20;11.9;1.7;"FRUIT"
"Morele, suszone";284;5.40;1.20;72.2;10.3;"FRUIT"
"Morwa, całe owoce";38;1.30;8.1;2;0;"FRUIT"
"Nektarynka";48;0.90;0.20;11.8;1.2;"FRUIT"
"Oliwki zielone, konserwowe";125;1.40;12.70;4.1;2.4;"FRUIT"
"Owoce opuncji (figa kaktusowa)";38;0.80;0.70;7.1;5;"FRUIT"
"Papaja";41;0.60;0.10;11.1;1.9;"FRUIT"
"Pomarańcza";44;0.90;0.20;11.3;1.9;"FRUIT"
"Porzeczki białe";33;1.00;0.20;13.1;6.4;"FRUIT"
"Porzeczki czarne";35;1.30;0.20;14.9;7.9;"FRUIT"
"Porzeczki czarne, mrożone";35;1.30;0.20;14.9;7.9;"FRUIT"
"Porzeczki czerwone";31;1.10;0.20;13.8;7.7;"FRUIT"
"Powidła śliwkowe";214;1.00;0.20;53;1.8;"FRUIT"
"Poziomki";33;0.80;0.50;8.3;2;"FRUIT"
"Rodzynki, suszone";277;2.30;0.50;71.2;6.5;"FRUIT"
"Syrop truskawkowy";264;0.20;0.10;65;0.4;"FRUIT"
"Śliwki";45;0.60;0.20;11.7;1.6;"FRUIT"
"Śliwki bez pestek, mrożone";45;0.60;0.20;11.7;1.6;"FRUIT"
"Śliwki z pestką, suszone";267;3.50;1.20;68.9;9.4;"FRUIT"
"Truskawki";28;0.70;0.40;7.2;1.8;"FRUIT"
"Truskawki, mrożone";28;0.70;0.40;7.2;1.8;"FRUIT"
"Winogrona";69;0.50;0.20;17.6;1.5;"FRUIT"
"Wiśnie";47;0.90;0.40;10.9;1;"FRUIT"
"Wiśnie bez pestek, mrożone";47;0.90;0.40;10.9;1;"FRUIT"
"Żurawina";49;0.60;0.70;11.7;3.1;"FRUIT"
"Bazylia, świeża";23;3.20;0.60;2.7;1.6;"SPICES"
"Chili w proszku";314;12.30;16.80;54.7;34.2;"SPICES"
"Curry";325;12.70;13.80;58.2;33.2;"SPICES"
"Cynamon, mielony";251;3.90;2.20;80.8;53.9;"SPICES"
"Estragon suszony";295;22.80;7.20;50.2;7.4;"SPICES"
"Gałka muszkatołowa, cała";489;7.10;36.30;43.9;20.8;"SPICES"
"Gorczyca, nasiona";469;24.90;28.80;34.9;14.7;"SPICES"
"Goździki, suszone";363;5.80;17.20;63.6;34.6;"SPICES"
"Guma arabska";348;1.40;0.00;84.1;0;"SPICES"
"Imbir, świeży";61;2.50;0.80;11;0;"SPICES"
"Imbir, mielony";333;7.10;4.70;71.9;12.5;"SPICES"
"Kapary";415;6.00;20.20;52;0;"SPICES"
"Kardamon";311;10.80;6.70;68.5;28;"SPICES"
"Kminek, nasiona";328;12.60;13.70;57.5;38;"SPICES"
"Kolendra, nasiona";298;12.40;17.80;55;41.9;"SPICES"
"Kozieradka, nasiona";323;23.00;6.40;58.4;24.6;"SPICES"
"Kurkuma";354;7.80;9.90;64.9;21.1;"SPICES"
"Majeranek, suszony";263;14.30;5.60;58.9;40.3;"SPICES"
"Ocet balsamiczny";88;0.50;17;0;0;"SPICES"
"Oregano suszone";306;11.00;10.30;64.4;42.8;"SPICES"
"Papryka, suszona (przyprawa)";324;14.80;13.00;55.7;37.4;"SPICES"
"Pieprz czarny";335;11.80;8.60;62.7;20.2;"SPICES"
"Sos sojowy";55;7.50;0.10;6.5;0.8;"SPICES"
"Sól biała";0;0.00;0.00;0;0;"SPICES"
"Syrop glukozowy";348;0.00;0.00;85.8;0;"SPICES"
"Syrop inulina";327;0.00;0.00;80.5;0;"SPICES"
"Syrop klonowy";274;0.00;0.00;67.9;0.8;"SPICES"
"Tymianek suszony";285;9.10;7.40;64;37;"SPICES"
"Ziele angielskie";341;5.60;7.00;74.8;21.6;"SPICES"
"Dorsz, świeży";78;17.70;0.70;0;0;"FISH"
"Dorsz, świeży, filet bez skóry";70;16.50;0.30;0;0;"FISH"
"Dorsz, wędzony";94;22.10;0.50;0;0;"FISH"
"Flądra, świeża";83;16.50;1.80;0;0;"FISH"
"Gładzica-płastuga, świeża";86;17.10;1.90;0;0;"FISH"
"Halibut biały, świeży";98;20.10;1.90;0;0;"FISH"
"Homary";81;15.90;1.90;0;0;"FISH"
"Kalmary";73;16.10;0.90;0;0;"FISH"
"Karmazyn atlantycki";105;18.20;3.60;0;0;"FISH"
"Karp, świeży";110;18.00;4.20;0;0;"FISH"
"Kawior namiastka";115;14.00;6.50;0;0;"FISH"
"Kawior naturalny";244;26.10;15.50;0;0;"FISH"
"Kraby";87;18.60;1.40;0;0;"FISH"
"Kraby w puszce";92;17.40;2.50;0;0;"FISH"
"Langusta";84;17.20;1.10;1.3;0;"FISH"
"Leszcz";116;16.60;5.50;0;0;"FISH"
"Lin";77;17.70;0.70;0;0;"FISH"
"Łosoś, świeży";201;19.90;13.60;0;0;"FISH"
"Łosoś, wędzony";162;21.50;8.40;0;0;"FISH"
"Makrela, świeża";181;18.70;11.90;0;0;"FISH"
"Makrela, wędzona";221;20.70;15.50;0;0;"FISH"
"Małże – małgiew";54;10.50;1.30;0;0;"FISH"
"Małże – omułek jadalny";69;10.50;2.00;2.4;0;"FISH"
"Mięso raków, w puszkach";87;18.00;1.70;0;0;"FISH"
"Mintaj, świeży";73;16.60;0.60;0;0;"FISH"
"Morszczuk, świeży";89;17.20;2.20;0;0;"FISH"
"Okoń, świeży";82;18.40;0.80;0;0;"FISH"
"Ostrygi";66;9.00;1.20;4.8;0;"FISH"
"Paprykarz „Szczeciński”";178;9.90;11.90;8.6;0.7;"FISH"
"Pasztet rybny";265;10.60;21.30;8.8;0.6;"FISH"
"Pasztet z ryb wędzonych";151;12.90;10.60;1.2;0.1;"FISH"
"Pstrąg strumieniowy, świeży";97;19.20;2.10;0;0;"FISH"
"Pstrąg tęczowy, świeży";160;18.60;9.60;0;0;"FISH"
"Raki (rzeczne)";64;15.00;0.50;0;0;"FISH"
"Sałatka pikantna z makreli";181;10.20;13.20;6.9;1.3;"FISH"
"Sałatka z dorsza";187;9.80;13.90;7.2;1.3;"FISH"
"Sandacz, świeży";84;19.20;0.70;0;0;"FISH"
"Sardynka w oleju";221;24.10;13.90;0;0;"FISH"
"Sardynka w pomidorach";162;17.00;9.90;1.4;0.1;"FISH"
"Sardynka, świeża";169;20.60;9.60;0;0;"FISH"
"Sieja";100;17.80;3.20;0;0;"FISH"
"Sola, świeża";83;17.50;1.40;0;0;"FISH"
"Szczupak, świeży";82;18.40;0.80;0;0;"FISH"
"Śledzie marynowane „Rolmopsy”";104;8.00;7.00;3;0.6;"FISH"
"Śledź marynowany";192;16.50;12.60;3.4;0;"FISH"
"Śledź w oleju";301;16.40;26.50;0;0;"FISH"
"Śledź w sosie pomidorowym";160;13.80;9.70;4.6;0.1;"FISH"
"Śledź w śmietanie";96;5.50;6.20;5.3;0.6;"FISH"
"Śledź wędzony, „Pikling”";215;21.80;14.30;0;0;"FISH"
"Śledź, solony";217;19.80;15.40;0;0;"FISH"
"Tuńczyk w oleju";190;27.10;9.00;0;0;"FISH"
"Tuńczyk w wodzie";96;21.00;1.20;0;0;"FISH"
"Tuńczyk, świeży";137;23.70;4.60;0;0;"FISH"
"Turbot";82;16.70;1.70;0;0;"FISH"
"Wątłusz/łupacz";77;17.90;0.60;0;0;"FISH"
"Wędzone płaty brzuszne rekina";302;21.30;24.10;0;0;"FISH"
"Węgorz, świeży";278;15.00;24.50;0;0;"FISH"
"Węgorz, wędzony";326;17.90;28.60;0;0;"FISH"
"Zębacz";80;15.80;1.90;0;0;"FISH"
"Śledź, świeży";161;16.30;10.70;0;0;"FISH"
"Bakłażan";21;1.10;0.10;6.3;2.5;"VEGETABLE"
"Bambus, kiełki";17;2.50;0.30;1;0;"VEGETABLE"
"Bataty";108;1.60;0.60;24.1;3.1;"VEGETABLE"
"Boćwina";17;2.10;0.50;5.5;4.4;"VEGETABLE"
"Bób";66;7.10;0.40;14;5.8;"VEGETABLE"
"Bób, mrożony";63;6.80;0.40;13.4;5.6;"VEGETABLE"
"Brokuły";27;3.00;0.40;5.2;2.5;"VEGETABLE"
"Brokuły, mrożone";24;2.70;0.40;4.7;2.3;"VEGETABLE"
"Brukiew";29;1.20;0.20;5.7;2.9;"VEGETABLE"
"Brukselka";37;4.70;0.50;8.7;5.4;"VEGETABLE"
"Brukselka, mrożona";36;4.50;0.50;8.4;5.2;"VEGETABLE"
"Burak";38;1.80;0.10;9.5;2.2;"VEGETABLE"
"Buraki purée, mrożone";34;1.60;0.10;8.6;2;"VEGETABLE"
"Cebula";30;1.40;0.40;6.9;1.7;"VEGETABLE"
"Cebula, konserwowa";52;0.70;0.20;12.4;0.8;"VEGETABLE"
"Cebula, mrożona";28;1.30;0.40;6.2;1.5;"VEGETABLE"
"Cebulki perłowe";23;2.00;0.50;3;1.5;"VEGETABLE"
"Chrzan";67;4.50;0.60;18.1;7.3;"VEGETABLE"
"Ciecierzyca, kiełki";144;8.80;0.70;25.5;2.8;"VEGETABLE"
"Cukinia";15;1.20;0.10;3.2;1;"VEGETABLE"
"Cukinia, mrożona";15;1.20;0.10;3.2;1;"VEGETABLE"
"Cykoria";21;1.70;0.20;4.1;1;"VEGETABLE"
"Czosnek";146;6.40;0.50;32.6;4.1;"VEGETABLE"
"Dynia";28;1.30;0.30;7.7;2.8;"VEGETABLE"
"Endywia, surowa";14;1.80;0.20;1.2;1.2;"VEGETABLE"
"Fasola biała, nasiona suche";288;21.40;1.60;61.6;15.7;"VEGETABLE"
"Fasola cięta, konserwowa, bez zalewy";16;1.50;0.20;4.5;2.4;"VEGETABLE"
"Fasola mung, kiełki";29;3.00;0.40;6.2;3;"VEGETABLE"
"Fasola szparagowa";27;2.40;0.20;7.6;3.9;"VEGETABLE"
"Fasolka flageolot, konserwowa";61;6.30;0.20;15;6.7;"VEGETABLE"
"Fasolka szparagowa, mrożona";24;2.20;0.20;6.8;3.5;"VEGETABLE"
"Groch, nasiona suche";293;23.80;1.40;60.2;15;"VEGETABLE"
"Groszek zielony";75;6.70;0.40;17;6;"VEGETABLE"
"Groszek zielony, konserwowy, bez zalewy";63;4.90;0.20;15.8;5.7;"VEGETABLE"
"Groszek zielony, mrożony";72;6.40;0.40;16.3;5.8;"VEGETABLE"
"Jarmuż";29;3.30;0.70;6.1;3.8;"VEGETABLE"
"Kalafior";22;2.40;0.20;5;2.4;"VEGETABLE"
"Kalafior, mrożony";20;2.20;0.20;4.5;2.2;"VEGETABLE"
"Kalarepa";29;2.20;0.30;6.5;2.2;"VEGETABLE"
"Kalarepa, mrożona";27;2.00;0.30;5.9;2;"VEGETABLE"
"Kapusta biała";29;1.70;0.20;7.4;2.5;"VEGETABLE"
"Kapusta biała, mrożona";26;1.50;0.20;6.7;2.3;"VEGETABLE"
"Kapusta chińska";17;1.20;0.30;3;1.3;"VEGETABLE"
"Kapusta czerwona";27;1.90;0.20;6.7;2.5;"VEGETABLE"
"Kapusta kwaszona";12;1.10;0.20;3.4;2.1;"VEGETABLE"
"Kapusta pekińska";12;1.20;0.20;3.2;1.9;"VEGETABLE"
"Kapusta włoska";38;3.30;0.40;7.8;2.6;"VEGETABLE"
"Kapusta włoska, mrożona";35;3.00;0.40;7;2.3;"VEGETABLE"
"Karczochy surowe";22;2.40;0.10;2.6;10.8;"VEGETABLE"
"Kiełki pszenicy";302;24.40;7.80;50.7;33.4;"VEGETABLE"
"Koncentrat pomidorowy, 30%";92;5.60;1.50;16.7;2.8;"VEGETABLE"
"Koper ogrodowy";26;2.80;0.40;6.1;3.3;"VEGETABLE"
"Koper włoski";24;2.40;0.30;2.8;4.2;"VEGETABLE"
"Kukurydza, kolby";110;3.70;1.50;23.4;3.3;"VEGETABLE"
"Kukurydza, kolby, mrożona";105;3.60;1.40;22.5;3.2;"VEGETABLE"
"Kukurydza, konserwowa";102;2.90;1.20;23.6;3.9;"VEGETABLE"
"Liście mniszka lekarskiego";27;2.90;0.60;2.4;3;"VEGETABLE"
"Lucerna, świeże kiełki";31;4.00;0.70;2.1;1.6;"VEGETABLE"
"Marchew";27;1.00;0.20;8.7;3.6;"VEGETABLE"
"Marchew, mrożona";24;0.90;0.20;7.8;3.2;"VEGETABLE"
"Mąka sojowa odtłuszczona";371;47.00;1.20;38.4;17.5;"VEGETABLE"
"Mąka sojowa pełnotłusta";424;45.00;23.50;20.1;11.9;"VEGETABLE"
"Ogórek";13;0.70;0.10;2.9;0.5;"VEGETABLE"
"Ogórek kwaszony";11;1.00;0.10;1.9;0.5;"VEGETABLE"
"Ogórki z papryką, konserwowe";41;0.30;0.10;9.9;0.3;"VEGETABLE"
"Ogórki, konserwowe";24;0.30;0.10;5.6;0.2;"VEGETABLE"
"Papryka czerwona";28;1.30;0.50;6.6;2;"VEGETABLE"
"Papryka czerwona, konserwowa";30;0.80;1.50;5;1.8;"VEGETABLE"
"Papryka czerwona, mrożona";28;1.30;0.50;6.6;2;"VEGETABLE"
"Papryka zielona";18;1.10;0.30;4.6;2;"VEGETABLE"
"Pasternak";57;1.60;0.60;15.5;4.5;"VEGETABLE"
"Pietruszka, korzeń";38;2.60;0.50;10.5;4.9;"VEGETABLE"
"Pietruszka, korzeń, mrożona";34;2.30;0.50;9.5;4.4;"VEGETABLE"
"Pietruszka, liście";41;4.40;0.40;9;4.2;"VEGETABLE"
"Pikle, konserwowe";62;1.30;0.20;15.5;1.9;"VEGETABLE"
"Płatki ziemniaczane";335;6.70;2.50;78.2;8;"VEGETABLE"
"Pokrzywa";44;7.00;0.60;1.3;3.1;"VEGETABLE"
"Pomidor";15;0.90;0.20;3.6;1.2;"VEGETABLE"
"Por";24;2.20;0.30;5.7;2.7;"VEGETABLE"
"Por, mrożony";24;2.20;0.30;5.7;2.7;"VEGETABLE"
"Portulaka";11;1.50;0.30;0.6;2;"VEGETABLE"
"Pyzy ziemniaczane w proszku";324;5.10;1.40;77.3;5.8;"VEGETABLE"
"Rabarbar";9;0.50;0.10;4.6;3.2;"VEGETABLE"
"Roszponka";14;1.80;0.40;0.7;1.5;"VEGETABLE"
"Rukiew wodna";18;1.60;0.30;2.3;1.5;"VEGETABLE"
"Rukola";24;2.60;0.70;2.1;1.6;"VEGETABLE"
"Rzepa";26;1.10;0.30;8.2;3.5;"VEGETABLE"
"Rzeżucha";33;4.20;0.70;2.5;3.5;"VEGETABLE"
"Rzodkiew biała";20;1.30;0.10;4.2;1.6;"VEGETABLE"
"Rzodkiewka";14;1.00;0.20;4.4;2.5;"VEGETABLE"
"Sałata";14;1.40;0.20;2.9;1.4;"VEGETABLE"
"Sałata lodowa";13;0.70;0.30;1.9;0.6;"VEGETABLE"
"Sałatka szwedzka, konserwowa";36;0.40;0.10;8.6;0.3;"VEGETABLE"
"Sałatka z czerwonej kapusty, konserwowa";88;1.10;0.10;21.9;1.5;"VEGETABLE"
"Seler korzeniowy";21;1.60;0.30;7.7;4.9;"VEGETABLE"
"Seler korzeniowy, mrożony";18;1.40;0.30;6.9;4.4;"VEGETABLE"
"Seler naciowy";13;1.00;0.20;3.6;1.8;"VEGETABLE"
"Skorzonera";16;1.40;0.40;1.6;17;"VEGETABLE"
"Skrobia ziemniaczana";343;0.60;0.10;83.9;0.4;"VEGETABLE"
"Soczewica czerwona, nasiona suche";327;25.40;3.00;57.5;8.9;"VEGETABLE"
"Soczewica, kiełki";119;9.00;0.60;22.1;3;"VEGETABLE"
"Soja, kiełki";141;13.10;6.70;9.6;2.6;"VEGETABLE"
"Soja, nasiona suche";382;34.30;19.60;32.7;15.7;"VEGETABLE"
"Sos keczup";93;1.80;1.00;22.2;3.2;"VEGETABLE"
"Szczaw";21;1.10;0.80;4.9;2.6;"VEGETABLE"
"Szczypiorek";29;4.10;0.80;3.9;2.5;"VEGETABLE"
"Szparagi";18;1.90;0.20;3.7;1.5;"VEGETABLE"
"Szparagi, konserwowe";19;2.10;0.70;2.5;1.5;"VEGETABLE"
"Szpinak";16;2.60;0.40;3;2.6;"VEGETABLE"
"Szpinak, mrożony";15;2.30;0.40;2.7;2.3;"VEGETABLE"
"Tofu";76;7.80;4.20;2.2;1;"VEGETABLE"
"Topinambur (słonecznik bulwiasty)";30;2.40;0.40;4;12.1;"VEGETABLE"
"Ziemniaki, mrożone";69;1.70;0.10;16.5;1.4;"VEGETABLE"
"Ziemniaki, późne";85;1.90;0.10;20.5;1.6;"VEGETABLE"
"Ziemniaki, średnio";77;1.90;0.10;18.3;1.5;"VEGETABLE"
"Ziemniaki, wczesne";69;1.80;0.10;16.3;1.3;"VEGETABLE"
